{
     "minimums": [
          376.0,
          0.0,
          0.0,
          371.05,
          22.0,
          -932.0
     ],
     "maximums": [
          850.0,
          10.0,
          1.0,
          199725.39,
          61.0,
          175632.0
     ],
     "srednie": [
          648.84316,
          5.06893,
          0.50849,
          98393.45195,
          42.58641,
          1411.03996
     ],
     "odchylenia_w_kolumnach": [
          98.26106623930913,
          2.9263766121551695,
          0.49992788908582975,
          57154.99859917158,
          9.062044723472626,
          7990.937598598606
     ],
     "type": "standaryzacja_z_score",
     "std_type": "standaryzacja_z_score"
}